"String ID","Source text","Translation","Context","Path","Filename"
"1","zéro","zéro","nombre (temps des tours, écarts, tension…)","SYSTEM","0000.wav"
"2","un","un","nombre (temps des tours, écarts, tension…)","SYSTEM","0001.wav"
"3","deux","deux","nombre (temps des tours, écarts, tension…)","SYSTEM","0002.wav"
"4","trois","trois","nombre (temps des tours, écarts, tension…)","SYSTEM","0003.wav"
"5","quatre","quatre","nombre (temps des tours, écarts, tension…)","SYSTEM","0004.wav"
"6","cinq","cinq","nombre (temps des tours, écarts, tension…)","SYSTEM","0005.wav"
"7","six","six","nombre (temps des tours, écarts, tension…)","SYSTEM","0006.wav"
"8","sept","sept","nombre (temps des tours, écarts, tension…)","SYSTEM","0007.wav"
"9","huit","huit","nombre (temps des tours, écarts, tension…)","SYSTEM","0008.wav"
"10","neuf","neuf","nombre (temps des tours, écarts, tension…)","SYSTEM","0009.wav"
"11","dix","dix","nombre (temps des tours, écarts, tension…)","SYSTEM","0010.wav"
"12","onze","onze","nombre (temps des tours, écarts, tension…)","SYSTEM","0011.wav"
"13","douze","douze","nombre (temps des tours, écarts, tension…)","SYSTEM","0012.wav"
"14","treize","treize","nombre (temps des tours, écarts, tension…)","SYSTEM","0013.wav"
"15","quatorze","quatorze","nombre (temps des tours, écarts, tension…)","SYSTEM","0014.wav"
"16","quinze","quinze","nombre (temps des tours, écarts, tension…)","SYSTEM","0015.wav"
"17","seize","seize","nombre (temps des tours, écarts, tension…)","SYSTEM","0016.wav"
"18","dix-sept","dix-sept","nombre (temps des tours, écarts, tension…)","SYSTEM","0017.wav"
"19","dix-huit","dix-huit","nombre (temps des tours, écarts, tension…)","SYSTEM","0018.wav"
"20","dix-neuf","dix-neuf","nombre (temps des tours, écarts, tension…)","SYSTEM","0019.wav"
"21","vingt","vingt","nombre (temps des tours, écarts, tension…)","SYSTEM","0020.wav"
"22","vingt et un","vingt et un","nombre (temps des tours, écarts, tension…)","SYSTEM","0021.wav"
"23","vingt-deux","vingt-deux","nombre (temps des tours, écarts, tension…)","SYSTEM","0022.wav"
"24","vingt-trois","vingt-trois","nombre (temps des tours, écarts, tension…)","SYSTEM","0023.wav"
"25","vingt-quatre","vingt-quatre","nombre (temps des tours, écarts, tension…)","SYSTEM","0024.wav"
"26","vingt-cinq","vingt-cinq","nombre (temps des tours, écarts, tension…)","SYSTEM","0025.wav"
"27","vingt-six","vingt-six","nombre (temps des tours, écarts, tension…)","SYSTEM","0026.wav"
"28","vingt-sept","vingt-sept","nombre (temps des tours, écarts, tension…)","SYSTEM","0027.wav"
"29","vingt-huit","vingt-huit","nombre (temps des tours, écarts, tension…)","SYSTEM","0028.wav"
"30","vingt-neuf","vingt-neuf","nombre (temps des tours, écarts, tension…)","SYSTEM","0029.wav"
"31","trente","trente","nombre (temps des tours, écarts, tension…)","SYSTEM","0030.wav"
"32","trente et un","trente et un","nombre (temps des tours, écarts, tension…)","SYSTEM","0031.wav"
"33","trente-deux","trente-deux","nombre (temps des tours, écarts, tension…)","SYSTEM","0032.wav"
"34","trente-trois","trente-trois","nombre (temps des tours, écarts, tension…)","SYSTEM","0033.wav"
"35","trente-quatre","trente-quatre","nombre (temps des tours, écarts, tension…)","SYSTEM","0034.wav"
"36","trente-cinq","trente-cinq","nombre (temps des tours, écarts, tension…)","SYSTEM","0035.wav"
"37","trente-six","trente-six","nombre (temps des tours, écarts, tension…)","SYSTEM","0036.wav"
"38","trente-sept","trente-sept","nombre (temps des tours, écarts, tension…)","SYSTEM","0037.wav"
"39","trente-huit","trente-huit","nombre (temps des tours, écarts, tension…)","SYSTEM","0038.wav"
"40","trente-neuf","trente-neuf","nombre (temps des tours, écarts, tension…)","SYSTEM","0039.wav"
"41","quarante","quarante","nombre (temps des tours, écarts, tension…)","SYSTEM","0040.wav"
"42","quarante et un","quarante et un","nombre (temps des tours, écarts, tension…)","SYSTEM","0041.wav"
"43","quarante-deux","quarante-deux","nombre (temps des tours, écarts, tension…)","SYSTEM","0042.wav"
"44","quarante-trois","quarante-trois","nombre (temps des tours, écarts, tension…)","SYSTEM","0043.wav"
"45","quarante-quatre","quarante-quatre","nombre (temps des tours, écarts, tension…)","SYSTEM","0044.wav"
"46","quarante-cinq","quarante-cinq","nombre (temps des tours, écarts, tension…)","SYSTEM","0045.wav"
"47","quarante-six","quarante-six","nombre (temps des tours, écarts, tension…)","SYSTEM","0046.wav"
"48","quarante-sept","quarante-sept","nombre (temps des tours, écarts, tension…)","SYSTEM","0047.wav"
"49","quarante-huit","quarante-huit","nombre (temps des tours, écarts, tension…)","SYSTEM","0048.wav"
"50","quarante-neuf","quarante-neuf","nombre (temps des tours, écarts, tension…)","SYSTEM","0049.wav"
"51","cinquante","cinquante","nombre (temps des tours, écarts, tension…)","SYSTEM","0050.wav"
"52","cinquante et un","cinquante et un","nombre (temps des tours, écarts, tension…)","SYSTEM","0051.wav"
"53","cinquante-deux","cinquante-deux","nombre (temps des tours, écarts, tension…)","SYSTEM","0052.wav"
"54","cinquante-trois","cinquante-trois","nombre (temps des tours, écarts, tension…)","SYSTEM","0053.wav"
"55","cinquante-quatre","cinquante-quatre","nombre (temps des tours, écarts, tension…)","SYSTEM","0054.wav"
"56","cinquante-cinq","cinquante-cinq","nombre (temps des tours, écarts, tension…)","SYSTEM","0055.wav"
"57","cinquante-six","cinquante-six","nombre (temps des tours, écarts, tension…)","SYSTEM","0056.wav"
"58","cinquante-sept","cinquante-sept","nombre (temps des tours, écarts, tension…)","SYSTEM","0057.wav"
"59","cinquante-huit","cinquante-huit","nombre (temps des tours, écarts, tension…)","SYSTEM","0058.wav"
"60","cinquante-neuf","cinquante-neuf","nombre (temps des tours, écarts, tension…)","SYSTEM","0059.wav"
"61","soixante","soixante","nombre (temps des tours, écarts, tension…)","SYSTEM","0060.wav"
"62","soixante et un","soixante et un","nombre (temps des tours, écarts, tension…)","SYSTEM","0061.wav"
"63","soixante-deux","soixante-deux","nombre (temps des tours, écarts, tension…)","SYSTEM","0062.wav"
"64","soixante-trois","soixante-trois","nombre (temps des tours, écarts, tension…)","SYSTEM","0063.wav"
"65","soixante-quatre","soixante-quatre","nombre (temps des tours, écarts, tension…)","SYSTEM","0064.wav"
"66","soixante-cinq","soixante-cinq","nombre (temps des tours, écarts, tension…)","SYSTEM","0065.wav"
"67","soixante-six","soixante-six","nombre (temps des tours, écarts, tension…)","SYSTEM","0066.wav"
"68","soixante-sept","soixante-sept","nombre (temps des tours, écarts, tension…)","SYSTEM","0067.wav"
"69","soixante-huit","soixante-huit","nombre (temps des tours, écarts, tension…)","SYSTEM","0068.wav"
"70","soixante-neuf","soixante-neuf","nombre (temps des tours, écarts, tension…)","SYSTEM","0069.wav"
"71","soixante-dix","soixante-dix","nombre (temps des tours, écarts, tension…)","SYSTEM","0070.wav"
"72","soixante et onze","soixante et onze","nombre (temps des tours, écarts, tension…)","SYSTEM","0071.wav"
"73","soixante-douze","soixante-douze","nombre (temps des tours, écarts, tension…)","SYSTEM","0072.wav"
"74","soixante-treize","soixante-treize","nombre (temps des tours, écarts, tension…)","SYSTEM","0073.wav"
"75","soixante-quatorze","soixante-quatorze","nombre (temps des tours, écarts, tension…)","SYSTEM","0074.wav"
"76","soixante-quinze","soixante-quinze","nombre (temps des tours, écarts, tension…)","SYSTEM","0075.wav"
"77","soixante-seize","soixante-seize","nombre (temps des tours, écarts, tension…)","SYSTEM","0076.wav"
"78","soixante-dix-sept","soixante-dix-sept","nombre (temps des tours, écarts, tension…)","SYSTEM","0077.wav"
"79","soixante-dix-huit","soixante-dix-huit","nombre (temps des tours, écarts, tension…)","SYSTEM","0078.wav"
"80","soixante-dix-neuf","soixante-dix-neuf","nombre (temps des tours, écarts, tension…)","SYSTEM","0079.wav"
"81","quatre-vingts","quatre-vingts","nombre (temps des tours, écarts, tension…)","SYSTEM","0080.wav"
"82","quatre-vingt-un","quatre-vingt-un","nombre (temps des tours, écarts, tension…)","SYSTEM","0081.wav"
"83","quatre-vingt-deux","quatre-vingt-deux","nombre (temps des tours, écarts, tension…)","SYSTEM","0082.wav"
"84","quatre-vingt-trois","quatre-vingt-trois","nombre (temps des tours, écarts, tension…)","SYSTEM","0083.wav"
"85","quatre-vingt-quatre","quatre-vingt-quatre","nombre (temps des tours, écarts, tension…)","SYSTEM","0084.wav"
"86","quatre-vingt-cinq","quatre-vingt-cinq","nombre (temps des tours, écarts, tension…)","SYSTEM","0085.wav"
"87","quatre-vingt-six","quatre-vingt-six","nombre (temps des tours, écarts, tension…)","SYSTEM","0086.wav"
"88","quatre-vingt-sept","quatre-vingt-sept","nombre (temps des tours, écarts, tension…)","SYSTEM","0087.wav"
"89","quatre-vingt-huit","quatre-vingt-huit","nombre (temps des tours, écarts, tension…)","SYSTEM","0088.wav"
"90","quatre-vingt-neuf","quatre-vingt-neuf","nombre (temps des tours, écarts, tension…)","SYSTEM","0089.wav"
"91","quatre-vingt-dix","quatre-vingt-dix","nombre (temps des tours, écarts, tension…)","SYSTEM","0090.wav"
"92","quatre-vingt-onze","quatre-vingt-onze","nombre (temps des tours, écarts, tension…)","SYSTEM","0091.wav"
"93","quatre-vingt-douze","quatre-vingt-douze","nombre (temps des tours, écarts, tension…)","SYSTEM","0092.wav"
"94","quatre-vingt-treize","quatre-vingt-treize","nombre (temps des tours, écarts, tension…)","SYSTEM","0093.wav"
"95","quatre-vingt-quatorze","quatre-vingt-quatorze","nombre (temps des tours, écarts, tension…)","SYSTEM","0094.wav"
"96","quatre-vingt-quinze","quatre-vingt-quinze","nombre (temps des tours, écarts, tension…)","SYSTEM","0095.wav"
"97","quatre-vingt-seize","quatre-vingt-seize","nombre (temps des tours, écarts, tension…)","SYSTEM","0096.wav"
"98","quatre-vingt-dix-sept","quatre-vingt-dix-sept","nombre (temps des tours, écarts, tension…)","SYSTEM","0097.wav"
"99","quatre-vingt-dix-huit","quatre-vingt-dix-huit","nombre (temps des tours, écarts, tension…)","SYSTEM","0098.wav"
"100","quatre-vingt-dix-neuf","quatre-vingt-dix-neuf","nombre (temps des tours, écarts, tension…)","SYSTEM","0099.wav"
"101","cent","cent","nombre (temps des tours, écarts, tension…)","SYSTEM","0100.wav"
"102","virgule","virgule","« virgule » des nombres décimaux","SYSTEM","0119.wav"
"103","arrivée posée","arrivée posée","ligne d'arrivée posée","../trimbox","arrivee.wav"
"104","départ posé","départ posé","ligne de départ posée","../trimbox","depart.wav"
"105","lignes effacées","lignes effacées","lignes effacées","../trimbox","efface.wav"
"106","égal","égal","écart : même temps que le tour précédent","../trimbox","egal.wav"
"107","meilleur tour","meilleur tour","annoncé avant le temps quand c'est le meilleur tour","../trimbox","meilleur.wav"
"108","moins","moins","écart : tour plus rapide que le précédent","../trimbox","moins.wav"
"109","pas de GPS","pas de GPS","pose refusée : pas de fix GPS","../trimbox","pasgps.wav"
"110","plus","plus","écart : tour plus lent que le précédent","../trimbox","plus.wav"
"111","commande refusée","commande refusée","commande refusée (autre raison)","../trimbox","refus.wav"
"112","vitesse trop faible","vitesse trop faible","pose refusée : vitesse trop faible","../trimbox","vitfaib.wav"
"113","deux cents","deux cents","centaines, formes féminines, « et », « moins », minuit, midi","SYSTEM","0101.wav"
"114","trois cents","trois cents","centaines, formes féminines, « et », « moins », minuit, midi","SYSTEM","0102.wav"
"115","quatre cents","quatre cents","centaines, formes féminines, « et », « moins », minuit, midi","SYSTEM","0103.wav"
"116","cinq cents","cinq cents","centaines, formes féminines, « et », « moins », minuit, midi","SYSTEM","0104.wav"
"117","six cents","six cents","centaines, formes féminines, « et », « moins », minuit, midi","SYSTEM","0105.wav"
"118","sept cents","sept cents","centaines, formes féminines, « et », « moins », minuit, midi","SYSTEM","0106.wav"
"119","huit cents","huit cents","centaines, formes féminines, « et », « moins », minuit, midi","SYSTEM","0107.wav"
"120","neuf cents","neuf cents","centaines, formes féminines, « et », « moins », minuit, midi","SYSTEM","0108.wav"
"121","mille","mille","centaines, formes féminines, « et », « moins », minuit, midi","SYSTEM","0109.wav"
"122","une","une","centaines, formes féminines, « et », « moins », minuit, midi","SYSTEM","0110.wav"
"123","onze","onze","centaines, formes féminines, « et », « moins », minuit, midi","SYSTEM","0111.wav"
"124","vingt et une","vingt et une","centaines, formes féminines, « et », « moins », minuit, midi","SYSTEM","0112.wav"
"125","trente et une","trente et une","centaines, formes féminines, « et », « moins », minuit, midi","SYSTEM","0113.wav"
"126","quarante et une","quarante et une","centaines, formes féminines, « et », « moins », minuit, midi","SYSTEM","0114.wav"
"127","cinquante et une","cinquante et une","centaines, formes féminines, « et », « moins », minuit, midi","SYSTEM","0115.wav"
"128","soixante et une","soixante et une","centaines, formes féminines, « et », « moins », minuit, midi","SYSTEM","0116.wav"
"129","soixante et onze","soixante et onze","centaines, formes féminines, « et », « moins », minuit, midi","SYSTEM","0117.wav"
"130","quatre-vingt-une","quatre-vingt-une","centaines, formes féminines, « et », « moins », minuit, midi","SYSTEM","0118.wav"
"131","et","et","centaines, formes féminines, « et », « moins », minuit, midi","SYSTEM","0120.wav"
"132","moins","moins","centaines, formes féminines, « et », « moins », minuit, midi","SYSTEM","0121.wav"
"133","minuit","minuit","centaines, formes féminines, « et », « moins », minuit, midi","SYSTEM","0122.wav"
"134","midi","midi","centaines, formes féminines, « et », « moins », minuit, midi","SYSTEM","0123.wav"
"135","virgule zéro","virgule zéro","« virgule N » (décimales à un chiffre)","SYSTEM","0180.wav"
"136","virgule un","virgule un","« virgule N » (décimales à un chiffre)","SYSTEM","0181.wav"
"137","virgule deux","virgule deux","« virgule N » (décimales à un chiffre)","SYSTEM","0182.wav"
"138","virgule trois","virgule trois","« virgule N » (décimales à un chiffre)","SYSTEM","0183.wav"
"139","virgule quatre","virgule quatre","« virgule N » (décimales à un chiffre)","SYSTEM","0184.wav"
"140","virgule cinq","virgule cinq","« virgule N » (décimales à un chiffre)","SYSTEM","0185.wav"
"141","virgule six","virgule six","« virgule N » (décimales à un chiffre)","SYSTEM","0186.wav"
"142","virgule sept","virgule sept","« virgule N » (décimales à un chiffre)","SYSTEM","0187.wav"
"143","virgule huit","virgule huit","« virgule N » (décimales à un chiffre)","SYSTEM","0188.wav"
"144","virgule neuf","virgule neuf","« virgule N » (décimales à un chiffre)","SYSTEM","0189.wav"
"145","mémoire corrompue","mémoire corrompue","alerte ou message système d'EdgeTX","SYSTEM","eebad.wav"
"146","Bienvenue sur EdgeTX","Bienvenue sur EdgeTX","alerte ou message système d'EdgeTX","SYSTEM","hello.wav"
"147","Radio inactive","Radio inactive","alerte ou message système d'EdgeTX","SYSTEM","inactiv.wav"
"148","Batterie radio faible","Batterie radio faible","alerte ou message système d'EdgeTX","SYSTEM","lowbatt.wav"
"149","Trim maximum atteint","Trim maximum atteint","alerte ou message système d'EdgeTX","SYSTEM","maxtrim.wav"
"150","Trim centré","Trim centré","alerte ou message système d'EdgeTX","SYSTEM","midtrim.wav"
"151","Trim minimum atteint","Trim minimum atteint","alerte ou message système d'EdgeTX","SYSTEM","mintrim.wav"
"152","Récepteur encore sous tension","Récepteur encore sous tension","alerte ou message système d'EdgeTX","SYSTEM","modelpwr.wav"
"153","signal radio faible","signal radio faible","alerte ou message système d'EdgeTX","SYSTEM","rssi_org.wav"
"154","signal radio critique","signal radio critique","alerte ou message système d'EdgeTX","SYSTEM","rssi_red.wav"
"155","Surcharge réception","Surcharge réception","alerte ou message système d'EdgeTX","SYSTEM","rxko.wav"
"156","Sonde de télémétrie perdue","Sonde de télémétrie perdue","alerte ou message système d'EdgeTX","SYSTEM","sensorko.wav"
"157","Servo en surcharge","Servo en surcharge","alerte ou message système d'EdgeTX","SYSTEM","servoko.wav"
"158","Alerte inters","Alerte inters","alerte ou message système d'EdgeTX","SYSTEM","swalert.wav"
"159","Antenne défectueuse","Antenne défectueuse","alerte ou message système d'EdgeTX","SYSTEM","swr_red.wav"
"160","Télémétrie connectée","Télémétrie connectée","alerte ou message système d'EdgeTX","SYSTEM","telemco.wav"
"161","Télémétrie perdue","Télémétrie perdue","alerte ou message système d'EdgeTX","SYSTEM","telemko.wav"
"162","Télémétrie retrouvée","Télémétrie retrouvée","alerte ou message système d'EdgeTX","SYSTEM","telemok.wav"
"163","Alerte manche des gaz","Alerte manche des gaz","alerte ou message système d'EdgeTX","SYSTEM","thralert.wav"
"164","Chrono un à zéro","Chrono un à zéro","alerte ou message système d'EdgeTX","SYSTEM","timovr1.wav"
"165","Chrono deux à zéro","Chrono deux à zéro","alerte ou message système d'EdgeTX","SYSTEM","timovr2.wav"
"166","Chrono trois à zéro","Chrono trois à zéro","alerte ou message système d'EdgeTX","SYSTEM","timovr3.wav"
"167","écolage connecté","écolage connecté","alerte ou message système d'EdgeTX","SYSTEM","trainco.wav"
"168","Signal écolage perdu","Signal écolage perdu","alerte ou message système d'EdgeTX","SYSTEM","trainko.wav"
"169","Signal écolage retrouvé","Signal écolage retrouvé","alerte ou message système d'EdgeTX","SYSTEM","trainok.wav"
"170","ampères","ampères","unité dite après une valeur","SYSTEM","amp0.wav"
"171","degrés","degrés","unité dite après une valeur","SYSTEM","celsius0.wav"
"172","décibels","décibels","unité dite après une valeur","SYSTEM","db0.wav"
"173","degrés fahrenheit","degrés fahrenheit","unité dite après une valeur","SYSTEM","degf0.wav"
"174","degrés","degrés","unité dite après une valeur","SYSTEM","degree0.wav"
"175","pieds","pieds","unité dite après une valeur","SYSTEM","foot0.wav"
"176","onces","onces","unité dite après une valeur","SYSTEM","founce0.wav"
"177","pieds par seconde","pieds par seconde","unité dite après une valeur","SYSTEM","fps0.wav"
"178","gé","gé","unité dite après une valeur","SYSTEM","g0.wav"
"179","heure","heure","unité dite après une valeur","SYSTEM","hour0.wav"
"180","nœuds","nœuds","unité dite après une valeur","SYSTEM","knot0.wav"
"181","kilomètre heure","kilomètre heure","unité dite après une valeur","SYSTEM","kph0.wav"
"182","milli ampères","milli ampères","unité dite après une valeur","SYSTEM","mamp0.wav"
"183","milli ampères heure","milli ampères heure","unité dite après une valeur","SYSTEM","mamph0.wav"
"184","mètres","mètres","unité dite après une valeur","SYSTEM","meter0.wav"
"185","minute","minute","unité dite après une valeur","SYSTEM","minute0.wav"
"186","millilitres","millilitres","unité dite après une valeur","SYSTEM","ml0.wav"
"187","millilitre minute","millilitre minute","unité dite après une valeur","SYSTEM","mlpm0.wav"
"188","miles par heure","miles par heure","unité dite après une valeur","SYSTEM","mph0.wav"
"189","mètres seconde","mètres seconde","unité dite après une valeur","SYSTEM","mps0.wav"
"190","milli watt","milli watt","unité dite après une valeur","SYSTEM","mwatt0.wav"
"191","pourcents","pourcents","unité dite après une valeur","SYSTEM","percent0.wav"
"192","radians","radians","unité dite après une valeur","SYSTEM","rad0.wav"
"193","tours minute","tours minute","unité dite après une valeur","SYSTEM","rpm0.wav"
"194","seconde","seconde","unité dite après une valeur","SYSTEM","second0.wav"
"195","volts","volts","unité dite après une valeur","SYSTEM","volt0.wav"
"196","watt","watt","unité dite après une valeur","SYSTEM","watt0.wav"
"197","mode acro","mode acro","piste jouée par une fonction spéciale d'EdgeTX (modes de vol…)","","acro.wav"
"198","altitude","altitude","piste jouée par une fonction spéciale d'EdgeTX (modes de vol…)","","alt.wav"
"199","armé","armé","piste jouée par une fonction spéciale d'EdgeTX (modes de vol…)","","armed.wav"
"200","atterrissage","atterrissage","piste jouée par une fonction spéciale d'EdgeTX (modes de vol…)","","attero.wav"
"201","autorotation","autorotation","piste jouée par une fonction spéciale d'EdgeTX (modes de vol…)","","auro.wav"
"202","Blackbox activée","Blackbox activée","piste jouée par une fonction spéciale d'EdgeTX (modes de vol…)","","blkact.wav"
"203","Buzzer activé","Buzzer activé","piste jouée par une fonction spéciale d'EdgeTX (modes de vol…)","","buzact.wav"
"204","désarmé","désarmé","piste jouée par une fonction spéciale d'EdgeTX (modes de vol…)","","disarm.wav"
"205","moteur coupé","moteur coupé","piste jouée par une fonction spéciale d'EdgeTX (modes de vol…)","","engoff.wav"
"206","volets sortis","volets sortis","piste jouée par une fonction spéciale d'EdgeTX (modes de vol…)","","flapdn.wav"
"207","volets rentrés","volets rentrés","piste jouée par une fonction spéciale d'EdgeTX (modes de vol…)","","flapup.wav"
"208","mode de vol un","mode de vol un","piste jouée par une fonction spéciale d'EdgeTX (modes de vol…)","","fm-1.wav"
"209","mode de vol deux","mode de vol deux","piste jouée par une fonction spéciale d'EdgeTX (modes de vol…)","","fm-2.wav"
"210","mode de vol trois","mode de vol trois","piste jouée par une fonction spéciale d'EdgeTX (modes de vol…)","","fm-3.wav"
"211","mode de vol quatre","mode de vol quatre","piste jouée par une fonction spéciale d'EdgeTX (modes de vol…)","","fm-4.wav"
"212","mode de vol cinq","mode de vol cinq","piste jouée par une fonction spéciale d'EdgeTX (modes de vol…)","","fm-5.wav"
"213","mode de vol six","mode de vol six","piste jouée par une fonction spéciale d'EdgeTX (modes de vol…)","","fm-6.wav"
"214","mode de vol sept","mode de vol sept","piste jouée par une fonction spéciale d'EdgeTX (modes de vol…)","","fm-7.wav"
"215","mode de vol huit","mode de vol huit","piste jouée par une fonction spéciale d'EdgeTX (modes de vol…)","","fm-8.wav"
"216","mode de vol neuf","mode de vol neuf","piste jouée par une fonction spéciale d'EdgeTX (modes de vol…)","","fm-9.wav"
"217","mode de vol acro","mode de vol acro","piste jouée par une fonction spéciale d'EdgeTX (modes de vol…)","","fm-acr.wav"
"218","mode de vol de croisière","mode de vol de croisière","piste jouée par une fonction spéciale d'EdgeTX (modes de vol…)","","fm-crs.wav"
"219","mode de vol amérissage","mode de vol amérissage","piste jouée par une fonction spéciale d'EdgeTX (modes de vol…)","","fm-flt.wav"
"220","mode de vol rapide","mode de vol rapide","piste jouée par une fonction spéciale d'EdgeTX (modes de vol…)","","fm-fst.wav"
"221","mode de vol lancé","mode de vol lancé","piste jouée par une fonction spéciale d'EdgeTX (modes de vol…)","","fm-lch.wav"
"222","mode de vol atterrissage","mode de vol atterrissage","piste jouée par une fonction spéciale d'EdgeTX (modes de vol…)","","fm-lnd.wav"
"223","mode de vol normal","mode de vol normal","piste jouée par une fonction spéciale d'EdgeTX (modes de vol…)","","fm-nrm.wav"
"224","mode de vol ping","mode de vol ping","piste jouée par une fonction spéciale d'EdgeTX (modes de vol…)","","fm-png.wav"
"225","mode de vol puissance","mode de vol puissance","piste jouée par une fonction spéciale d'EdgeTX (modes de vol…)","","fm-pwr.wav"
"226","mode de vol course","mode de vol course","piste jouée par une fonction spéciale d'EdgeTX (modes de vol…)","","fm-rce.wav"
"227","mode de vol vitesse","mode de vol vitesse","piste jouée par une fonction spéciale d'EdgeTX (modes de vol…)","","fm-spd.wav"
"228","mode de vol thermique gauche","mode de vol thermique gauche","piste jouée par une fonction spéciale d'EdgeTX (modes de vol…)","","fm-thl.wav"
"229","mode de vol thermique","mode de vol thermique","piste jouée par une fonction spéciale d'EdgeTX (modes de vol…)","","fm-thm.wav"
"230","mode de vol thermique droit","mode de vol thermique droit","piste jouée par une fonction spéciale d'EdgeTX (modes de vol…)","","fm-thr.wav"
"231","train sorti","train sorti","piste jouée par une fonction spéciale d'EdgeTX (modes de vol…)","","geardn.wav"
"232","train rentré","train rentré","piste jouée par une fonction spéciale d'EdgeTX (modes de vol…)","","gearup.wav"
"233","mode atterrissage activé","mode atterrissage activé","piste jouée par une fonction spéciale d'EdgeTX (modes de vol…)","","lnding.wav"
"234","Batterie faible","Batterie faible","piste jouée par une fonction spéciale d'EdgeTX (modes de vol…)","","lowbat.wav"
"235","mode niveau","mode niveau","piste jouée par une fonction spéciale d'EdgeTX (modes de vol…)","","lvlmod.wav"
"236","température moteur","température moteur","piste jouée par une fonction spéciale d'EdgeTX (modes de vol…)","","moteur.wav"
"237","mode normal activé","mode normal activé","piste jouée par une fonction spéciale d'EdgeTX (modes de vol…)","","nrmmod.wav"
"238","mode pit","mode pit","piste jouée par une fonction spéciale d'EdgeTX (modes de vol…)","","pitmod.wav"
"239","mode grande vitesse activé","mode grande vitesse activé","piste jouée par une fonction spéciale d'EdgeTX (modes de vol…)","","spdmod.wav"
"240","température contrôleur","température contrôleur","piste jouée par une fonction spéciale d'EdgeTX (modes de vol…)","","tctrl.wav"
"241","mode thermique activé","mode thermique activé","piste jouée par une fonction spéciale d'EdgeTX (modes de vol…)","","thmmod.wav"
"242","fin écolage","fin écolage","piste jouée par une fonction spéciale d'EdgeTX (modes de vol…)","","trnoff.wav"
"243","écolage","écolage","piste jouée par une fonction spéciale d'EdgeTX (modes de vol…)","","trnon.wav"
"244","vario désactivé","vario désactivé","piste jouée par une fonction spéciale d'EdgeTX (modes de vol…)","","vrioff.wav"
"245","vario activé","vario activé","piste jouée par une fonction spéciale d'EdgeTX (modes de vol…)","","vrion.wav"
"246","ligne armée, roulez","ligne armée, roulez","pose à l'arrêt : ligne armée, démarrer dans les 10 s","../trimbox","arme.wav"
"247","délai dépassé","délai dépassé","pose à l'arrêt : pas de départ dans les 10 s","../trimbox","delai.wav"
